{
  "classification_report": {
    "0": {
      "precision": 0.9999991266276386,
      "recall": 0.999839325165696,
      "f1-score": 0.9999192195120247,
      "support": 1145170.0
    },
    "1": {
      "precision": 0.9985560020090407,
      "recall": 0.9999921408979809,
      "f1-score": 0.9992735554552059,
      "support": 127241.0
    },
    "accuracy": 0.9998546067269145,
    "macro avg": {
      "precision": 0.9992775643183396,
      "recall": 0.9999157330318384,
      "f1-score": 0.9995963874836153,
      "support": 1272411.0
    },
    "weighted avg": {
      "precision": 0.9998548142791954,
      "recall": 0.9998546067269145,
      "f1-score": 0.9998546531570862,
      "support": 1272411.0
    }
  }
}